{
  "luis_schema_version": "2.1.0",
  "versionId": "0.1",
  "name": "CustomerServiceBot",
  "desc": "",
  "culture": "en-us",
  "intents": [
    {
      "name": "Customer Profile"
    },
    {
      "name": "None"
    },
    {
      "name": "Order"
    },
    {
      "name": "OrderID"
    },
    {
      "name": "Welcome"
    }
  ],
  "entities": [
    {
      "name": "Change"
    },
    {
      "name": "Customer Profile",
      "children": [
        "Address",
        "Password",
        "Contact",
        "Email",
        "Name"
      ]
    },
    {
      "name": "Order",
      "children": [
        "Track",
        "Status",
        "OrderID",
        "Cancel",
        "Return",
        "Details"
      ]
    }
  ],
  "composites": [],
  "closedLists": [],
  "bing_entities": [],
  "actions": [],
  "model_features": [
    {
      "name": "arrive",
      "mode": true,
      "words": "arrive,coming,come,reach,reaching,reached,arriving,arrived,deliver,delivering,delivered,when,arrives,bring,be here,coming up",
      "activated": true
    }
  ],
  "regex_features": [],
  "utterances": [
    {
      "text": "hello",
      "intent": "Welcome",
      "entities": []
    },
    {
      "text": "hi",
      "intent": "Welcome",
      "entities": []
    },
    {
      "text": "1234",
      "intent": "OrderID",
      "entities": [
        {
          "entity": "Order::OrderID",
          "startPos": 0,
          "endPos": 3
        }
      ]
    },
    {
      "text": "what is my email",
      "intent": "Customer Profile",
      "entities": [
        {
          "entity": "Customer Profile::Email",
          "startPos": 11,
          "endPos": 15
        }
      ]
    },
    {
      "text": "change my name",
      "intent": "Customer Profile",
      "entities": [
        {
          "entity": "Customer Profile::Name",
          "startPos": 10,
          "endPos": 13
        },
        {
          "entity": "Change",
          "startPos": 0,
          "endPos": 5
        }
      ]
    },
    {
      "text": "what is my order status?",
      "intent": "Order",
      "entities": [
        {
          "entity": "Order::Status",
          "startPos": 17,
          "endPos": 22
        },
        {
          "entity": "Order",
          "startPos": 11,
          "endPos": 15
        }
      ]
    },
    {
      "text": "how can i change my password",
      "intent": "Customer Profile",
      "entities": [
        {
          "entity": "Customer Profile::Password",
          "startPos": 20,
          "endPos": 27
        },
        {
          "entity": "Change",
          "startPos": 10,
          "endPos": 15
        }
      ]
    },
    {
      "text": "when will my order arrive?",
      "intent": "Order",
      "entities": [
        {
          "entity": "Order::Track",
          "startPos": 19,
          "endPos": 24
        },
        {
          "entity": "Order",
          "startPos": 13,
          "endPos": 17
        }
      ]
    },
    {
      "text": "what is my address",
      "intent": "Customer Profile",
      "entities": [
        {
          "entity": "Customer Profile::Address",
          "startPos": 11,
          "endPos": 17
        }
      ]
    },
    {
      "text": "i want to cancel my order",
      "intent": "Order",
      "entities": [
        {
          "entity": "Order::Cancel",
          "startPos": 10,
          "endPos": 15
        },
        {
          "entity": "Order",
          "startPos": 20,
          "endPos": 24
        }
      ]
    },
    {
      "text": "what is my username",
      "intent": "Customer Profile",
      "entities": [
        {
          "entity": "Customer Profile::Name",
          "startPos": 11,
          "endPos": 18
        }
      ]
    },
    {
      "text": "change the email",
      "intent": "Customer Profile",
      "entities": [
        {
          "entity": "Customer Profile::Email",
          "startPos": 11,
          "endPos": 15
        },
        {
          "entity": "Change",
          "startPos": 0,
          "endPos": 5
        }
      ]
    },
    {
      "text": "what is the status of the order 122343",
      "intent": "Order",
      "entities": [
        {
          "entity": "Order::Status",
          "startPos": 12,
          "endPos": 17
        },
        {
          "entity": "Order::OrderID",
          "startPos": 32,
          "endPos": 37
        },
        {
          "entity": "Order",
          "startPos": 26,
          "endPos": 30
        }
      ]
    },
    {
      "text": "hi, what is my order status?",
      "intent": "Order",
      "entities": [
        {
          "entity": "Order::Status",
          "startPos": 21,
          "endPos": 26
        },
        {
          "entity": "Order",
          "startPos": 15,
          "endPos": 19
        }
      ]
    },
    {
      "text": "4576rfvgh",
      "intent": "OrderID",
      "entities": [
        {
          "entity": "Order::OrderID",
          "startPos": 0,
          "endPos": 8
        }
      ]
    },
    {
      "text": "234536",
      "intent": "OrderID",
      "entities": [
        {
          "entity": "Order::OrderID",
          "startPos": 0,
          "endPos": 5
        }
      ]
    },
    {
      "text": "fh12e34235434",
      "intent": "OrderID",
      "entities": [
        {
          "entity": "Order::OrderID",
          "startPos": 0,
          "endPos": 12
        }
      ]
    },
    {
      "text": "123sdf5465654",
      "intent": "OrderID",
      "entities": [
        {
          "entity": "Order::OrderID",
          "startPos": 0,
          "endPos": 12
        }
      ]
    },
    {
      "text": "what is the status of the order with order id 123jnkjs213243",
      "intent": "Order",
      "entities": [
        {
          "entity": "Order::Status",
          "startPos": 12,
          "endPos": 17
        },
        {
          "entity": "Order::OrderID",
          "startPos": 46,
          "endPos": 59
        },
        {
          "entity": "Order",
          "startPos": 26,
          "endPos": 30
        }
      ]
    },
    {
      "text": "what is the order status of 12dfgdfg23545",
      "intent": "Order",
      "entities": [
        {
          "entity": "Order::Status",
          "startPos": 18,
          "endPos": 23
        },
        {
          "entity": "Order::OrderID",
          "startPos": 28,
          "endPos": 40
        },
        {
          "entity": "Order",
          "startPos": 12,
          "endPos": 16
        }
      ]
    },
    {
      "text": "what is the status of dfv342353454",
      "intent": "Order",
      "entities": [
        {
          "entity": "Order::Status",
          "startPos": 12,
          "endPos": 17
        },
        {
          "entity": "Order::OrderID",
          "startPos": 22,
          "endPos": 33
        }
      ]
    },
    {
      "text": "hello, when will the order with id 1234566 reach?",
      "intent": "Order",
      "entities": [
        {
          "entity": "Order::OrderID",
          "startPos": 35,
          "endPos": 41
        },
        {
          "entity": "Order::Track",
          "startPos": 43,
          "endPos": 47
        },
        {
          "entity": "Order",
          "startPos": 21,
          "endPos": 25
        }
      ]
    },
    {
      "text": "when will my order 354564 get deliver",
      "intent": "Order",
      "entities": [
        {
          "entity": "Order::OrderID",
          "startPos": 19,
          "endPos": 24
        },
        {
          "entity": "Order::Track",
          "startPos": 30,
          "endPos": 36
        },
        {
          "entity": "Order",
          "startPos": 13,
          "endPos": 17
        }
      ]
    },
    {
      "text": "i want to cancel my order 154357489",
      "intent": "Order",
      "entities": [
        {
          "entity": "Order::OrderID",
          "startPos": 26,
          "endPos": 34
        },
        {
          "entity": "Order::Cancel",
          "startPos": 10,
          "endPos": 15
        },
        {
          "entity": "Order",
          "startPos": 20,
          "endPos": 24
        }
      ]
    },
    {
      "text": "i want to cancel my order 2134235355",
      "intent": "Order",
      "entities": [
        {
          "entity": "Order::OrderID",
          "startPos": 26,
          "endPos": 35
        },
        {
          "entity": "Order::Cancel",
          "startPos": 10,
          "endPos": 15
        },
        {
          "entity": "Order",
          "startPos": 20,
          "endPos": 24
        }
      ]
    },
    {
      "text": "cancel my order with order id 142564re",
      "intent": "Order",
      "entities": [
        {
          "entity": "Order::OrderID",
          "startPos": 30,
          "endPos": 37
        },
        {
          "entity": "Order::Cancel",
          "startPos": 0,
          "endPos": 5
        },
        {
          "entity": "Order",
          "startPos": 10,
          "endPos": 14
        }
      ]
    },
    {
      "text": "what is my mobile number",
      "intent": "Customer Profile",
      "entities": [
        {
          "entity": "Customer Profile::Contact",
          "startPos": 11,
          "endPos": 23
        }
      ]
    },
    {
      "text": "when will my order gets delivered",
      "intent": "Order",
      "entities": [
        {
          "entity": "Order::Track",
          "startPos": 24,
          "endPos": 32
        },
        {
          "entity": "Order",
          "startPos": 13,
          "endPos": 17
        }
      ]
    },
    {
      "text": "when is my order 1234 arriving",
      "intent": "Order",
      "entities": [
        {
          "entity": "Order::OrderID",
          "startPos": 17,
          "endPos": 20
        },
        {
          "entity": "Order::Track",
          "startPos": 22,
          "endPos": 29
        },
        {
          "entity": "Order",
          "startPos": 11,
          "endPos": 15
        }
      ]
    },
    {
      "text": "tell me the details of my order",
      "intent": "Order",
      "entities": [
        {
          "entity": "Order::Details",
          "startPos": 12,
          "endPos": 18
        },
        {
          "entity": "Order",
          "startPos": 26,
          "endPos": 30
        }
      ]
    },
    {
      "text": "i want to know the details of my order 12465kl54",
      "intent": "Order",
      "entities": [
        {
          "entity": "Order::OrderID",
          "startPos": 39,
          "endPos": 47
        },
        {
          "entity": "Order::Details",
          "startPos": 19,
          "endPos": 25
        },
        {
          "entity": "Order",
          "startPos": 33,
          "endPos": 37
        }
      ]
    },
    {
      "text": "return the order",
      "intent": "Order",
      "entities": [
        {
          "entity": "Order::Return",
          "startPos": 0,
          "endPos": 5
        },
        {
          "entity": "Order",
          "startPos": 11,
          "endPos": 15
        }
      ]
    },
    {
      "text": "i want to return the order 1234nj56",
      "intent": "Order",
      "entities": [
        {
          "entity": "Order::OrderID",
          "startPos": 27,
          "endPos": 34
        },
        {
          "entity": "Order::Return",
          "startPos": 10,
          "endPos": 15
        },
        {
          "entity": "Order",
          "startPos": 21,
          "endPos": 25
        }
      ]
    },
    {
      "text": "edit my email id",
      "intent": "Customer Profile",
      "entities": [
        {
          "entity": "Customer Profile::Email",
          "startPos": 8,
          "endPos": 15
        },
        {
          "entity": "Change",
          "startPos": 0,
          "endPos": 3
        }
      ]
    },
    {
      "text": "i want to change the password of my account",
      "intent": "Customer Profile",
      "entities": [
        {
          "entity": "Customer Profile::Password",
          "startPos": 21,
          "endPos": 28
        },
        {
          "entity": "Customer Profile",
          "startPos": 36,
          "endPos": 42
        },
        {
          "entity": "Change",
          "startPos": 10,
          "endPos": 15
        }
      ]
    },
    {
      "text": "i want to change my username",
      "intent": "Customer Profile",
      "entities": [
        {
          "entity": "Customer Profile::Name",
          "startPos": 20,
          "endPos": 27
        },
        {
          "entity": "Change",
          "startPos": 10,
          "endPos": 15
        }
      ]
    },
    {
      "text": "i want to change the mobile number in my account",
      "intent": "Customer Profile",
      "entities": [
        {
          "entity": "Customer Profile::Contact",
          "startPos": 21,
          "endPos": 33
        },
        {
          "entity": "Customer Profile",
          "startPos": 41,
          "endPos": 47
        },
        {
          "entity": "Change",
          "startPos": 10,
          "endPos": 15
        }
      ]
    },
    {
      "text": "change my contact number",
      "intent": "Customer Profile",
      "entities": [
        {
          "entity": "Customer Profile::Contact",
          "startPos": 10,
          "endPos": 23
        },
        {
          "entity": "Change",
          "startPos": 0,
          "endPos": 5
        }
      ]
    },
    {
      "text": "how can my change my delivering address",
      "intent": "Customer Profile",
      "entities": [
        {
          "entity": "Customer Profile::Address",
          "startPos": 32,
          "endPos": 38
        },
        {
          "entity": "Change",
          "startPos": 11,
          "endPos": 16
        }
      ]
    },
    {
      "text": "change the address in my account",
      "intent": "Customer Profile",
      "entities": [
        {
          "entity": "Customer Profile::Address",
          "startPos": 11,
          "endPos": 17
        },
        {
          "entity": "Customer Profile",
          "startPos": 25,
          "endPos": 31
        },
        {
          "entity": "Change",
          "startPos": 0,
          "endPos": 5
        }
      ]
    },
    {
      "text": "edit the address linked to my account",
      "intent": "Customer Profile",
      "entities": [
        {
          "entity": "Customer Profile::Address",
          "startPos": 9,
          "endPos": 15
        },
        {
          "entity": "Customer Profile",
          "startPos": 30,
          "endPos": 36
        },
        {
          "entity": "Change",
          "startPos": 0,
          "endPos": 3
        }
      ]
    },
    {
      "text": "please edit my profile name",
      "intent": "Customer Profile",
      "entities": [
        {
          "entity": "Customer Profile::Name",
          "startPos": 23,
          "endPos": 26
        },
        {
          "entity": "Customer Profile",
          "startPos": 15,
          "endPos": 21
        },
        {
          "entity": "Change",
          "startPos": 7,
          "endPos": 10
        }
      ]
    },
    {
      "text": "i want to change my profile details",
      "intent": "Customer Profile",
      "entities": [
        {
          "entity": "Customer Profile",
          "startPos": 20,
          "endPos": 26
        },
        {
          "entity": "Change",
          "startPos": 10,
          "endPos": 15
        }
      ]
    },
    {
      "text": "o183102",
      "intent": "OrderID",
      "entities": [
        {
          "entity": "Order::OrderID",
          "startPos": 0,
          "endPos": 6
        }
      ]
    },
    {
      "text": "i want the details of my order o183102",
      "intent": "Order",
      "entities": [
        {
          "entity": "Order::OrderID",
          "startPos": 31,
          "endPos": 37
        },
        {
          "entity": "Order::Details",
          "startPos": 11,
          "endPos": 17
        },
        {
          "entity": "Order",
          "startPos": 25,
          "endPos": 29
        }
      ]
    },
    {
      "text": "status of my order o183102",
      "intent": "Order",
      "entities": [
        {
          "entity": "Order::Status",
          "startPos": 0,
          "endPos": 5
        },
        {
          "entity": "Order::OrderID",
          "startPos": 19,
          "endPos": 25
        },
        {
          "entity": "Order",
          "startPos": 13,
          "endPos": 17
        }
      ]
    },
    {
      "text": "details of my order o183102",
      "intent": "Order",
      "entities": [
        {
          "entity": "Order::OrderID",
          "startPos": 20,
          "endPos": 26
        },
        {
          "entity": "Order::Details",
          "startPos": 0,
          "endPos": 6
        },
        {
          "entity": "Order",
          "startPos": 14,
          "endPos": 18
        }
      ]
    },
    {
      "text": "cancel my order o183102",
      "intent": "Order",
      "entities": [
        {
          "entity": "Order::OrderID",
          "startPos": 16,
          "endPos": 22
        },
        {
          "entity": "Order::Cancel",
          "startPos": 0,
          "endPos": 5
        },
        {
          "entity": "Order",
          "startPos": 10,
          "endPos": 14
        }
      ]
    },
    {
      "text": "return the order o183102",
      "intent": "Order",
      "entities": [
        {
          "entity": "Order::OrderID",
          "startPos": 17,
          "endPos": 23
        },
        {
          "entity": "Order::Return",
          "startPos": 0,
          "endPos": 5
        },
        {
          "entity": "Order",
          "startPos": 11,
          "endPos": 15
        }
      ]
    },
    {
      "text": "details of my order o123045",
      "intent": "Order",
      "entities": [
        {
          "entity": "Order::OrderID",
          "startPos": 20,
          "endPos": 26
        },
        {
          "entity": "Order::Details",
          "startPos": 0,
          "endPos": 6
        },
        {
          "entity": "Order",
          "startPos": 14,
          "endPos": 18
        }
      ]
    },
    {
      "text": "delivery date of my order o123045",
      "intent": "Order",
      "entities": [
        {
          "entity": "Order::OrderID",
          "startPos": 26,
          "endPos": 32
        },
        {
          "entity": "Order::Track",
          "startPos": 0,
          "endPos": 7
        },
        {
          "entity": "Order",
          "startPos": 20,
          "endPos": 24
        }
      ]
    },
    {
      "text": "return my order o123045",
      "intent": "Order",
      "entities": [
        {
          "entity": "Order::OrderID",
          "startPos": 16,
          "endPos": 22
        },
        {
          "entity": "Order::Return",
          "startPos": 0,
          "endPos": 5
        },
        {
          "entity": "Order",
          "startPos": 10,
          "endPos": 14
        }
      ]
    },
    {
      "text": "what are the details of my order",
      "intent": "Order",
      "entities": [
        {
          "entity": "Order::Details",
          "startPos": 13,
          "endPos": 19
        },
        {
          "entity": "Order",
          "startPos": 27,
          "endPos": 31
        }
      ]
    },
    {
      "text": "what are the status of my order",
      "intent": "Order",
      "entities": [
        {
          "entity": "Order::Status",
          "startPos": 13,
          "endPos": 18
        },
        {
          "entity": "Order",
          "startPos": 26,
          "endPos": 30
        }
      ]
    },
    {
      "text": "what is the email linked to my account",
      "intent": "Customer Profile",
      "entities": [
        {
          "entity": "Customer Profile::Email",
          "startPos": 12,
          "endPos": 16
        },
        {
          "entity": "Customer Profile",
          "startPos": 31,
          "endPos": 37
        }
      ]
    },
    {
      "text": "what is the address in my account",
      "intent": "Customer Profile",
      "entities": [
        {
          "entity": "Customer Profile::Address",
          "startPos": 12,
          "endPos": 18
        },
        {
          "entity": "Customer Profile",
          "startPos": 26,
          "endPos": 32
        }
      ]
    },
    {
      "text": "what is the name in my account?",
      "intent": "Customer Profile",
      "entities": [
        {
          "entity": "Customer Profile::Name",
          "startPos": 12,
          "endPos": 15
        },
        {
          "entity": "Customer Profile",
          "startPos": 23,
          "endPos": 29
        }
      ]
    },
    {
      "text": "what is the mobile number in my account?",
      "intent": "Customer Profile",
      "entities": [
        {
          "entity": "Customer Profile::Contact",
          "startPos": 12,
          "endPos": 24
        },
        {
          "entity": "Customer Profile",
          "startPos": 32,
          "endPos": 38
        }
      ]
    }
  ]
}