{"swagger":"2.0","info":{"description":"Api Documentation","version":"1.0","title":"Api Documentation","termsOfService":"urn:tos","contact":{},"license":{"name":"Apache 2.0","url":"http://www.apache.org/licenses/LICENSE-2.0"}},"host":"localhost:9090","basePath":"/","tags":[{"name":"hello-controller","description":"Hello Controller"},{"name":"environment-manager-mvc-endpoint","description":"Environment Manager Mvc Endpoint"},{"name":"endpoint-mvc-adapter","description":"Endpoint Mvc Adapter"},{"name":"generic-postable-mvc-endpoint","description":"Generic Postable Mvc Endpoint"},{"name":"restart-mvc-endpoint","description":"Restart Mvc Endpoint"},{"name":"metrics-mvc-endpoint","description":"Metrics Mvc Endpoint"},{"name":"environment-mvc-endpoint","description":"Environment Mvc Endpoint"},{"name":"heapdump-mvc-endpoint","description":"Heapdump Mvc Endpoint"},{"name":"topic-controller","description":"sample service for course api"},{"name":"health-mvc-endpoint","description":"Health Mvc Endpoint"},{"name":"basic-error-controller","description":"Basic Error Controller"}],"paths":{"/archaius":{"get":{"tags":["endpoint-mvc-adapter"],"summary":"invoke","operationId":"invokeUsingGET","consumes":["application/json"],"produces":["application/json"],"responses":{"200":{"description":"OK","schema":{"type":"object"}},"401":{"description":"Unauthorized"},"403":{"description":"Forbidden"},"404":{"description":"Not Found"}}}},"/archaius.json":{"get":{"tags":["endpoint-mvc-adapter"],"summary":"invoke","operationId":"invokeUsingGET_1","consumes":["application/json"],"produces":["application/json"],"responses":{"200":{"description":"OK","schema":{"type":"object"}},"401":{"description":"Unauthorized"},"403":{"description":"Forbidden"},"404":{"description":"Not Found"}}}},"/autoconfig":{"get":{"tags":["endpoint-mvc-adapter"],"summary":"invoke","operationId":"invokeUsingGET_2","consumes":["application/json"],"produces":["application/json"],"responses":{"200":{"description":"OK","schema":{"type":"object"}},"401":{"description":"Unauthorized"},"403":{"description":"Forbidden"},"404":{"description":"Not Found"}}}},"/autoconfig.json":{"get":{"tags":["endpoint-mvc-adapter"],"summary":"invoke","operationId":"invokeUsingGET_3","consumes":["application/json"],"produces":["application/json"],"responses":{"200":{"description":"OK","schema":{"type":"object"}},"401":{"description":"Unauthorized"},"403":{"description":"Forbidden"},"404":{"description":"Not Found"}}}},"/beans":{"get":{"tags":["endpoint-mvc-adapter"],"summary":"invoke","operationId":"invokeUsingGET_4","consumes":["application/json"],"produces":["application/json"],"responses":{"200":{"description":"OK","schema":{"type":"object"}},"401":{"description":"Unauthorized"},"403":{"description":"Forbidden"},"404":{"description":"Not Found"}}}},"/beans.json":{"get":{"tags":["endpoint-mvc-adapter"],"summary":"invoke","operationId":"invokeUsingGET_5","consumes":["application/json"],"produces":["application/json"],"responses":{"200":{"description":"OK","schema":{"type":"object"}},"401":{"description":"Unauthorized"},"403":{"description":"Forbidden"},"404":{"description":"Not Found"}}}},"/configprops":{"get":{"tags":["endpoint-mvc-adapter"],"summary":"invoke","operationId":"invokeUsingGET_6","consumes":["application/json"],"produces":["application/json"],"responses":{"200":{"description":"OK","schema":{"type":"object"}},"401":{"description":"Unauthorized"},"403":{"description":"Forbidden"},"404":{"description":"Not Found"}}}},"/configprops.json":{"get":{"tags":["endpoint-mvc-adapter"],"summary":"invoke","operationId":"invokeUsingGET_7","consumes":["application/json"],"produces":["application/json"],"responses":{"200":{"description":"OK","schema":{"type":"object"}},"401":{"description":"Unauthorized"},"403":{"description":"Forbidden"},"404":{"description":"Not Found"}}}},"/dump":{"get":{"tags":["endpoint-mvc-adapter"],"summary":"invoke","operationId":"invokeUsingGET_8","consumes":["application/json"],"produces":["application/json"],"responses":{"200":{"description":"OK","schema":{"type":"object"}},"401":{"description":"Unauthorized"},"403":{"description":"Forbidden"},"404":{"description":"Not Found"}}}},"/dump.json":{"get":{"tags":["endpoint-mvc-adapter"],"summary":"invoke","operationId":"invokeUsingGET_9","consumes":["application/json"],"produces":["application/json"],"responses":{"200":{"description":"OK","schema":{"type":"object"}},"401":{"description":"Unauthorized"},"403":{"description":"Forbidden"},"404":{"description":"Not Found"}}}},"/env":{"get":{"tags":["environment-mvc-endpoint"],"summary":"invoke","operationId":"invokeUsingGET_18","consumes":["application/json"],"produces":["application/json"],"responses":{"200":{"description":"OK","schema":{"type":"object"}},"401":{"description":"Unauthorized"},"403":{"description":"Forbidden"},"404":{"description":"Not Found"}}},"post":{"tags":["environment-manager-mvc-endpoint"],"summary":"value","operationId":"valueUsingPOST","consumes":["application/json"],"produces":["*/*"],"parameters":[{"name":"params","in":"query","description":"params","required":true,"items":{"type":"object","additionalProperties":{"type":"string"}}}],"responses":{"200":{"description":"OK","schema":{"type":"object"}},"201":{"description":"Created"},"401":{"description":"Unauthorized"},"403":{"description":"Forbidden"},"404":{"description":"Not Found"}}}},"/env.json":{"get":{"tags":["environment-mvc-endpoint"],"summary":"invoke","operationId":"invokeUsingGET_19","consumes":["application/json"],"produces":["application/json"],"responses":{"200":{"description":"OK","schema":{"type":"object"}},"401":{"description":"Unauthorized"},"403":{"description":"Forbidden"},"404":{"description":"Not Found"}}}},"/env/reset":{"post":{"tags":["environment-manager-mvc-endpoint"],"summary":"reset","operationId":"resetUsingPOST","consumes":["application/json"],"produces":["*/*"],"responses":{"200":{"description":"OK","schema":{"type":"object"}},"201":{"description":"Created"},"401":{"description":"Unauthorized"},"403":{"description":"Forbidden"},"404":{"description":"Not Found"}}}},"/env/{name}":{"get":{"tags":["environment-mvc-endpoint"],"summary":"value","operationId":"valueUsingGET","consumes":["application/json"],"produces":["application/json"],"parameters":[{"name":"name","in":"path","description":"name","required":true,"type":"string"}],"responses":{"200":{"description":"OK","schema":{"type":"object"}},"401":{"description":"Unauthorized"},"403":{"description":"Forbidden"},"404":{"description":"Not Found"}}}},"/error":{"get":{"tags":["basic-error-controller"],"summary":"errorHtml","operationId":"errorHtmlUsingGET","consumes":["application/json"],"produces":["text/html"],"responses":{"200":{"description":"OK","schema":{"$ref":"#/definitions/ModelAndView"}},"401":{"description":"Unauthorized"},"403":{"description":"Forbidden"},"404":{"description":"Not Found"}}},"head":{"tags":["basic-error-controller"],"summary":"errorHtml","operationId":"errorHtmlUsingHEAD","consumes":["application/json"],"produces":["text/html"],"responses":{"200":{"description":"OK","schema":{"$ref":"#/definitions/ModelAndView"}},"401":{"description":"Unauthorized"},"204":{"description":"No Content"},"403":{"description":"Forbidden"}}},"post":{"tags":["basic-error-controller"],"summary":"errorHtml","operationId":"errorHtmlUsingPOST","consumes":["application/json"],"produces":["text/html"],"responses":{"200":{"description":"OK","schema":{"$ref":"#/definitions/ModelAndView"}},"201":{"description":"Created"},"401":{"description":"Unauthorized"},"403":{"description":"Forbidden"},"404":{"description":"Not Found"}}},"put":{"tags":["basic-error-controller"],"summary":"errorHtml","operationId":"errorHtmlUsingPUT","consumes":["application/json"],"produces":["text/html"],"responses":{"200":{"description":"OK","schema":{"$ref":"#/definitions/ModelAndView"}},"201":{"description":"Created"},"401":{"description":"Unauthorized"},"403":{"description":"Forbidden"},"404":{"description":"Not Found"}}},"delete":{"tags":["basic-error-controller"],"summary":"errorHtml","operationId":"errorHtmlUsingDELETE","consumes":["application/json"],"produces":["text/html"],"responses":{"200":{"description":"OK","schema":{"$ref":"#/definitions/ModelAndView"}},"401":{"description":"Unauthorized"},"204":{"description":"No Content"},"403":{"description":"Forbidden"}}},"options":{"tags":["basic-error-controller"],"summary":"errorHtml","operationId":"errorHtmlUsingOPTIONS","consumes":["application/json"],"produces":["text/html"],"responses":{"200":{"description":"OK","schema":{"$ref":"#/definitions/ModelAndView"}},"401":{"description":"Unauthorized"},"204":{"description":"No Content"},"403":{"description":"Forbidden"}}},"patch":{"tags":["basic-error-controller"],"summary":"errorHtml","operationId":"errorHtmlUsingPATCH","consumes":["application/json"],"produces":["text/html"],"responses":{"200":{"description":"OK","schema":{"$ref":"#/definitions/ModelAndView"}},"401":{"description":"Unauthorized"},"204":{"description":"No Content"},"403":{"description":"Forbidden"}}}},"/features":{"get":{"tags":["endpoint-mvc-adapter"],"summary":"invoke","operationId":"invokeUsingGET_10","consumes":["application/json"],"produces":["application/json"],"responses":{"200":{"description":"OK","schema":{"type":"object"}},"401":{"description":"Unauthorized"},"403":{"description":"Forbidden"},"404":{"description":"Not Found"}}}},"/features.json":{"get":{"tags":["endpoint-mvc-adapter"],"summary":"invoke","operationId":"invokeUsingGET_11","consumes":["application/json"],"produces":["application/json"],"responses":{"200":{"description":"OK","schema":{"type":"object"}},"401":{"description":"Unauthorized"},"403":{"description":"Forbidden"},"404":{"description":"Not Found"}}}},"/health":{"get":{"tags":["health-mvc-endpoint"],"summary":"invoke","operationId":"invokeUsingGET_20","consumes":["application/json"],"produces":["application/json"],"parameters":[{"in":"body","name":"principal","description":"principal","required":false,"schema":{"$ref":"#/definitions/Principal"}}],"responses":{"200":{"description":"OK","schema":{"type":"object"}},"401":{"description":"Unauthorized"},"403":{"description":"Forbidden"},"404":{"description":"Not Found"}}},"head":{"tags":["health-mvc-endpoint"],"summary":"invoke","operationId":"invokeUsingHEAD","consumes":["application/json"],"produces":["application/json"],"parameters":[{"in":"body","name":"principal","description":"principal","required":false,"schema":{"$ref":"#/definitions/Principal"}}],"responses":{"200":{"description":"OK","schema":{"type":"object"}},"401":{"description":"Unauthorized"},"204":{"description":"No Content"},"403":{"description":"Forbidden"}}},"post":{"tags":["health-mvc-endpoint"],"summary":"invoke","operationId":"invokeUsingPOST_6","consumes":["application/json"],"produces":["application/json"],"parameters":[{"in":"body","name":"principal","description":"principal","required":false,"schema":{"$ref":"#/definitions/Principal"}}],"responses":{"200":{"description":"OK","schema":{"type":"object"}},"201":{"description":"Created"},"401":{"description":"Unauthorized"},"403":{"description":"Forbidden"},"404":{"description":"Not Found"}}},"put":{"tags":["health-mvc-endpoint"],"summary":"invoke","operationId":"invokeUsingPUT","consumes":["application/json"],"produces":["application/json"],"parameters":[{"in":"body","name":"principal","description":"principal","required":false,"schema":{"$ref":"#/definitions/Principal"}}],"responses":{"200":{"description":"OK","schema":{"type":"object"}},"201":{"description":"Created"},"401":{"description":"Unauthorized"},"403":{"description":"Forbidden"},"404":{"description":"Not Found"}}},"delete":{"tags":["health-mvc-endpoint"],"summary":"invoke","operationId":"invokeUsingDELETE","consumes":["application/json"],"produces":["application/json"],"parameters":[{"in":"body","name":"principal","description":"principal","required":false,"schema":{"$ref":"#/definitions/Principal"}}],"responses":{"200":{"description":"OK","schema":{"type":"object"}},"401":{"description":"Unauthorized"},"204":{"description":"No Content"},"403":{"description":"Forbidden"}}},"options":{"tags":["health-mvc-endpoint"],"summary":"invoke","operationId":"invokeUsingOPTIONS","consumes":["application/json"],"produces":["application/json"],"parameters":[{"in":"body","name":"principal","description":"principal","required":false,"schema":{"$ref":"#/definitions/Principal"}}],"responses":{"200":{"description":"OK","schema":{"type":"object"}},"401":{"description":"Unauthorized"},"204":{"description":"No Content"},"403":{"description":"Forbidden"}}},"patch":{"tags":["health-mvc-endpoint"],"summary":"invoke","operationId":"invokeUsingPATCH","consumes":["application/json"],"produces":["application/json"],"parameters":[{"in":"body","name":"principal","description":"principal","required":false,"schema":{"$ref":"#/definitions/Principal"}}],"responses":{"200":{"description":"OK","schema":{"type":"object"}},"401":{"description":"Unauthorized"},"204":{"description":"No Content"},"403":{"description":"Forbidden"}}}},"/health.json":{"get":{"tags":["health-mvc-endpoint"],"summary":"invoke","operationId":"invokeUsingGET_21","consumes":["application/json"],"produces":["application/json"],"parameters":[{"in":"body","name":"principal","description":"principal","required":false,"schema":{"$ref":"#/definitions/Principal"}}],"responses":{"200":{"description":"OK","schema":{"type":"object"}},"401":{"description":"Unauthorized"},"403":{"description":"Forbidden"},"404":{"description":"Not Found"}}},"head":{"tags":["health-mvc-endpoint"],"summary":"invoke","operationId":"invokeUsingHEAD_1","consumes":["application/json"],"produces":["application/json"],"parameters":[{"in":"body","name":"principal","description":"principal","required":false,"schema":{"$ref":"#/definitions/Principal"}}],"responses":{"200":{"description":"OK","schema":{"type":"object"}},"401":{"description":"Unauthorized"},"204":{"description":"No Content"},"403":{"description":"Forbidden"}}},"post":{"tags":["health-mvc-endpoint"],"summary":"invoke","operationId":"invokeUsingPOST_7","consumes":["application/json"],"produces":["application/json"],"parameters":[{"in":"body","name":"principal","description":"principal","required":false,"schema":{"$ref":"#/definitions/Principal"}}],"responses":{"200":{"description":"OK","schema":{"type":"object"}},"201":{"description":"Created"},"401":{"description":"Unauthorized"},"403":{"description":"Forbidden"},"404":{"description":"Not Found"}}},"put":{"tags":["health-mvc-endpoint"],"summary":"invoke","operationId":"invokeUsingPUT_1","consumes":["application/json"],"produces":["application/json"],"parameters":[{"in":"body","name":"principal","description":"principal","required":false,"schema":{"$ref":"#/definitions/Principal"}}],"responses":{"200":{"description":"OK","schema":{"type":"object"}},"201":{"description":"Created"},"401":{"description":"Unauthorized"},"403":{"description":"Forbidden"},"404":{"description":"Not Found"}}},"delete":{"tags":["health-mvc-endpoint"],"summary":"invoke","operationId":"invokeUsingDELETE_1","consumes":["application/json"],"produces":["application/json"],"parameters":[{"in":"body","name":"principal","description":"principal","required":false,"schema":{"$ref":"#/definitions/Principal"}}],"responses":{"200":{"description":"OK","schema":{"type":"object"}},"401":{"description":"Unauthorized"},"204":{"description":"No Content"},"403":{"description":"Forbidden"}}},"options":{"tags":["health-mvc-endpoint"],"summary":"invoke","operationId":"invokeUsingOPTIONS_1","consumes":["application/json"],"produces":["application/json"],"parameters":[{"in":"body","name":"principal","description":"principal","required":false,"schema":{"$ref":"#/definitions/Principal"}}],"responses":{"200":{"description":"OK","schema":{"type":"object"}},"401":{"description":"Unauthorized"},"204":{"description":"No Content"},"403":{"description":"Forbidden"}}},"patch":{"tags":["health-mvc-endpoint"],"summary":"invoke","operationId":"invokeUsingPATCH_1","consumes":["application/json"],"produces":["application/json"],"parameters":[{"in":"body","name":"principal","description":"principal","required":false,"schema":{"$ref":"#/definitions/Principal"}}],"responses":{"200":{"description":"OK","schema":{"type":"object"}},"401":{"description":"Unauthorized"},"204":{"description":"No Content"},"403":{"description":"Forbidden"}}}},"/heapdump":{"get":{"tags":["heapdump-mvc-endpoint"],"summary":"invoke","operationId":"invokeUsingGET_22","consumes":["application/json"],"produces":["application/octet-stream"],"parameters":[{"name":"live","in":"query","description":"live","required":false,"type":"boolean","default":true}],"responses":{"200":{"description":"OK"},"401":{"description":"Unauthorized"},"403":{"description":"Forbidden"},"404":{"description":"Not Found"}}}},"/heapdump.json":{"get":{"tags":["heapdump-mvc-endpoint"],"summary":"invoke","operationId":"invokeUsingGET_23","consumes":["application/json"],"produces":["application/octet-stream"],"parameters":[{"name":"live","in":"query","description":"live","required":false,"type":"boolean","default":true}],"responses":{"200":{"description":"OK"},"401":{"description":"Unauthorized"},"403":{"description":"Forbidden"},"404":{"description":"Not Found"}}}},"/hello":{"get":{"tags":["hello-controller"],"summary":"sayHi","operationId":"sayHiUsingGET","consumes":["application/json"],"produces":["*/*"],"responses":{"200":{"description":"OK","schema":{"type":"string"}},"401":{"description":"Unauthorized"},"403":{"description":"Forbidden"},"404":{"description":"Not Found"}}},"head":{"tags":["hello-controller"],"summary":"sayHi","operationId":"sayHiUsingHEAD","consumes":["application/json"],"produces":["*/*"],"responses":{"200":{"description":"OK","schema":{"type":"string"}},"401":{"description":"Unauthorized"},"204":{"description":"No Content"},"403":{"description":"Forbidden"}}},"post":{"tags":["hello-controller"],"summary":"sayHi","operationId":"sayHiUsingPOST","consumes":["application/json"],"produces":["*/*"],"responses":{"200":{"description":"OK","schema":{"type":"string"}},"201":{"description":"Created"},"401":{"description":"Unauthorized"},"403":{"description":"Forbidden"},"404":{"description":"Not Found"}}},"put":{"tags":["hello-controller"],"summary":"sayHi","operationId":"sayHiUsingPUT","consumes":["application/json"],"produces":["*/*"],"responses":{"200":{"description":"OK","schema":{"type":"string"}},"201":{"description":"Created"},"401":{"description":"Unauthorized"},"403":{"description":"Forbidden"},"404":{"description":"Not Found"}}},"delete":{"tags":["hello-controller"],"summary":"sayHi","operationId":"sayHiUsingDELETE","consumes":["application/json"],"produces":["*/*"],"responses":{"200":{"description":"OK","schema":{"type":"string"}},"401":{"description":"Unauthorized"},"204":{"description":"No Content"},"403":{"description":"Forbidden"}}},"options":{"tags":["hello-controller"],"summary":"sayHi","operationId":"sayHiUsingOPTIONS","consumes":["application/json"],"produces":["*/*"],"responses":{"200":{"description":"OK","schema":{"type":"string"}},"401":{"description":"Unauthorized"},"204":{"description":"No Content"},"403":{"description":"Forbidden"}}},"patch":{"tags":["hello-controller"],"summary":"sayHi","operationId":"sayHiUsingPATCH","consumes":["application/json"],"produces":["*/*"],"responses":{"200":{"description":"OK","schema":{"type":"string"}},"401":{"description":"Unauthorized"},"204":{"description":"No Content"},"403":{"description":"Forbidden"}}}},"/info":{"get":{"tags":["endpoint-mvc-adapter"],"summary":"invoke","operationId":"invokeUsingGET_12","consumes":["application/json"],"produces":["application/json"],"responses":{"200":{"description":"OK","schema":{"type":"object"}},"401":{"description":"Unauthorized"},"403":{"description":"Forbidden"},"404":{"description":"Not Found"}}}},"/info.json":{"get":{"tags":["endpoint-mvc-adapter"],"summary":"invoke","operationId":"invokeUsingGET_13","consumes":["application/json"],"produces":["application/json"],"responses":{"200":{"description":"OK","schema":{"type":"object"}},"401":{"description":"Unauthorized"},"403":{"description":"Forbidden"},"404":{"description":"Not Found"}}}},"/mappings":{"get":{"tags":["endpoint-mvc-adapter"],"summary":"invoke","operationId":"invokeUsingGET_14","consumes":["application/json"],"produces":["application/json"],"responses":{"200":{"description":"OK","schema":{"type":"object"}},"401":{"description":"Unauthorized"},"403":{"description":"Forbidden"},"404":{"description":"Not Found"}}}},"/mappings.json":{"get":{"tags":["endpoint-mvc-adapter"],"summary":"invoke","operationId":"invokeUsingGET_15","consumes":["application/json"],"produces":["application/json"],"responses":{"200":{"description":"OK","schema":{"type":"object"}},"401":{"description":"Unauthorized"},"403":{"description":"Forbidden"},"404":{"description":"Not Found"}}}},"/metrics":{"get":{"tags":["metrics-mvc-endpoint"],"summary":"invoke","operationId":"invokeUsingGET_24","consumes":["application/json"],"produces":["application/json"],"responses":{"200":{"description":"OK","schema":{"type":"object"}},"401":{"description":"Unauthorized"},"403":{"description":"Forbidden"},"404":{"description":"Not Found"}}}},"/metrics.json":{"get":{"tags":["metrics-mvc-endpoint"],"summary":"invoke","operationId":"invokeUsingGET_25","consumes":["application/json"],"produces":["application/json"],"responses":{"200":{"description":"OK","schema":{"type":"object"}},"401":{"description":"Unauthorized"},"403":{"description":"Forbidden"},"404":{"description":"Not Found"}}}},"/metrics/{name}":{"get":{"tags":["metrics-mvc-endpoint"],"summary":"value","operationId":"valueUsingGET_1","consumes":["application/json"],"produces":["application/json"],"parameters":[{"name":"name","in":"path","description":"name","required":true,"type":"string"}],"responses":{"200":{"description":"OK","schema":{"type":"object"}},"401":{"description":"Unauthorized"},"403":{"description":"Forbidden"},"404":{"description":"Not Found"}}}},"/pause":{"post":{"tags":["generic-postable-mvc-endpoint"],"summary":"invoke","operationId":"invokeUsingPOST","consumes":["application/json"],"produces":["*/*"],"responses":{"200":{"description":"OK","schema":{"type":"object"}},"201":{"description":"Created"},"401":{"description":"Unauthorized"},"403":{"description":"Forbidden"},"404":{"description":"Not Found"}}}},"/pause.json":{"post":{"tags":["generic-postable-mvc-endpoint"],"summary":"invoke","operationId":"invokeUsingPOST_1","consumes":["application/json"],"produces":["*/*"],"responses":{"200":{"description":"OK","schema":{"type":"object"}},"201":{"description":"Created"},"401":{"description":"Unauthorized"},"403":{"description":"Forbidden"},"404":{"description":"Not Found"}}}},"/refresh":{"post":{"tags":["generic-postable-mvc-endpoint"],"summary":"invoke","operationId":"invokeUsingPOST_2","consumes":["application/json"],"produces":["*/*"],"responses":{"200":{"description":"OK","schema":{"type":"object"}},"201":{"description":"Created"},"401":{"description":"Unauthorized"},"403":{"description":"Forbidden"},"404":{"description":"Not Found"}}}},"/refresh.json":{"post":{"tags":["generic-postable-mvc-endpoint"],"summary":"invoke","operationId":"invokeUsingPOST_3","consumes":["application/json"],"produces":["*/*"],"responses":{"200":{"description":"OK","schema":{"type":"object"}},"201":{"description":"Created"},"401":{"description":"Unauthorized"},"403":{"description":"Forbidden"},"404":{"description":"Not Found"}}}},"/restart":{"post":{"tags":["restart-mvc-endpoint"],"summary":"invoke","operationId":"invokeUsingPOST_8","consumes":["application/json"],"produces":["*/*"],"responses":{"200":{"description":"OK","schema":{"type":"object"}},"201":{"description":"Created"},"401":{"description":"Unauthorized"},"403":{"description":"Forbidden"},"404":{"description":"Not Found"}}}},"/restart.json":{"post":{"tags":["restart-mvc-endpoint"],"summary":"invoke","operationId":"invokeUsingPOST_9","consumes":["application/json"],"produces":["*/*"],"responses":{"200":{"description":"OK","schema":{"type":"object"}},"201":{"description":"Created"},"401":{"description":"Unauthorized"},"403":{"description":"Forbidden"},"404":{"description":"Not Found"}}}},"/resume":{"post":{"tags":["generic-postable-mvc-endpoint"],"summary":"invoke","operationId":"invokeUsingPOST_4","consumes":["application/json"],"produces":["*/*"],"responses":{"200":{"description":"OK","schema":{"type":"object"}},"201":{"description":"Created"},"401":{"description":"Unauthorized"},"403":{"description":"Forbidden"},"404":{"description":"Not Found"}}}},"/resume.json":{"post":{"tags":["generic-postable-mvc-endpoint"],"summary":"invoke","operationId":"invokeUsingPOST_5","consumes":["application/json"],"produces":["*/*"],"responses":{"200":{"description":"OK","schema":{"type":"object"}},"201":{"description":"Created"},"401":{"description":"Unauthorized"},"403":{"description":"Forbidden"},"404":{"description":"Not Found"}}}},"/topics":{"get":{"tags":["topic-controller"],"summary":"View a list of available courses","operationId":"returnTopicUsingGET","consumes":["application/json"],"produces":["application/json;charset=UTF-8"],"responses":{"200":{"description":"Successfully retrieved list","schema":{"$ref":"#/definitions/Iterable"}},"401":{"description":"You are not authorized to view the resource"},"403":{"description":"Accessing the resource you were trying to reach is forbidden"},"404":{"description":"The resource you were trying to reach is not found"}}},"post":{"tags":["topic-controller"],"summary":"post a topic/course","operationId":"addTopicUsingPOST","consumes":["application/json"],"produces":["*/*"],"parameters":[{"in":"body","name":"topic","description":"topic","required":true,"schema":{"$ref":"#/definitions/topic"}}],"responses":{"200":{"description":"OK","schema":{"$ref":"#/definitions/Iterable"}},"201":{"description":"Created"},"401":{"description":"Unauthorized"},"403":{"description":"Forbidden"},"404":{"description":"Not Found"}}},"put":{"tags":["topic-controller"],"summary":"update a topic","operationId":"updateTopicUsingPUT","consumes":["application/json"],"produces":["*/*"],"parameters":[{"in":"body","name":"topic","description":"topic","required":true,"schema":{"$ref":"#/definitions/topic"}}],"responses":{"200":{"description":"OK","schema":{"$ref":"#/definitions/Iterable"}},"201":{"description":"Created"},"401":{"description":"Unauthorized"},"403":{"description":"Forbidden"},"404":{"description":"Not Found"}}}},"/topics/{id}":{"get":{"tags":["topic-controller"],"summary":"get course by it's id","operationId":"returnTopicByIdUsingGET","consumes":["application/json"],"produces":["application/json;charset=UTF-8"],"parameters":[{"name":"id","in":"path","description":"id","required":true,"type":"integer","format":"int32"}],"responses":{"200":{"description":"OK","schema":{"$ref":"#/definitions/Iterable"}},"401":{"description":"Unauthorized"},"403":{"description":"Forbidden"},"404":{"description":"Not Found"}}}},"/trace":{"get":{"tags":["endpoint-mvc-adapter"],"summary":"invoke","operationId":"invokeUsingGET_16","consumes":["application/json"],"produces":["application/json"],"responses":{"200":{"description":"OK","schema":{"type":"object"}},"401":{"description":"Unauthorized"},"403":{"description":"Forbidden"},"404":{"description":"Not Found"}}}},"/trace.json":{"get":{"tags":["endpoint-mvc-adapter"],"summary":"invoke","operationId":"invokeUsingGET_17","consumes":["application/json"],"produces":["application/json"],"responses":{"200":{"description":"OK","schema":{"type":"object"}},"401":{"description":"Unauthorized"},"403":{"description":"Forbidden"},"404":{"description":"Not Found"}}}}},"definitions":{"Iterable":{"type":"object"},"ModelAndView":{"type":"object","properties":{"empty":{"type":"boolean"},"model":{"type":"object"},"modelMap":{"type":"object","additionalProperties":{"type":"object"}},"reference":{"type":"boolean"},"status":{"type":"string","enum":["100","101","102","103","200","201","202","203","204","205","206","207","208","226","300","301","302","302","303","304","305","307","308","400","401","402","403","404","405","406","407","408","409","410","411","412","413","413","414","414","415","416","417","418","419","420","421","422","423","424","426","428","429","431","451","500","501","502","503","504","505","506","507","508","509","510","511"]},"view":{"$ref":"#/definitions/View"},"viewName":{"type":"string"}}},"topic":{"type":"object","properties":{"description":{"type":"string"},"id":{"type":"integer","format":"int32"},"name":{"type":"string"}}},"View":{"type":"object","properties":{"contentType":{"type":"string"}}}}}