{
	"id": "4bf1d031-518b-16ce-337d-516122093539",
	"name": "swagger-ui-docimentation",
	"description": "just for checking",
	"order": [
		"fea16bbb-089f-6452-e379-de5614a2408b",
		"ef2730ed-77c3-6ba9-1296-376abe888d52",
		"e5dd6d97-46f2-d042-4abf-26766822ac44"
	],
	"folders": [],
	"timestamp": 1495011988218,
	"owner": 0,
	"public": false,
	"requests": [
		{
			"id": "e5dd6d97-46f2-d042-4abf-26766822ac44",
			"headers": "Content-Type: application/json\n",
			"url": "http://localhost:9090/api/topics",
			"pathVariables": {},
			"preRequestScript": null,
			"method": "PUT",
			"collectionId": "4bf1d031-518b-16ce-337d-516122093539",
			"data": [],
			"dataMode": "raw",
			"name": "UPDATE A TOPIC",
			"description": "get list of all courses available",
			"descriptionFormat": "html",
			"time": 1495012551723,
			"version": 2,
			"responses": [],
			"tests": null,
			"currentHelper": "normal",
			"helperAttributes": {},
			"rawModeData": "{\n    \"id\": 3,\n    \"name\": \"hiberante\",\n    \"description\": \"HIBERNATZZZ-DESCRIPTION\"\n  }"
		},
		{
			"id": "ef2730ed-77c3-6ba9-1296-376abe888d52",
			"headers": "Content-Type: application/json\n",
			"url": "http://localhost:9090/api/topics",
			"pathVariables": {},
			"preRequestScript": null,
			"method": "POST",
			"collectionId": "4bf1d031-518b-16ce-337d-516122093539",
			"data": [],
			"dataMode": "raw",
			"name": "POST A TOPIC",
			"description": "get list of all courses available",
			"descriptionFormat": "html",
			"time": 1495012428332,
			"version": 2,
			"responses": [],
			"tests": null,
			"currentHelper": "normal",
			"helperAttributes": {},
			"rawModeData": "{\n    \"id\": 3,\n    \"name\": \"hiberante\",\n    \"description\": \"HIBERNATE-DESCRIPTION\"\n  }"
		},
		{
			"id": "fea16bbb-089f-6452-e379-de5614a2408b",
			"headers": "",
			"url": "http://localhost:9090/api/topics/1",
			"pathVariables": {},
			"preRequestScript": null,
			"method": "GET",
			"collectionId": "4bf1d031-518b-16ce-337d-516122093539",
			"data": null,
			"dataMode": "params",
			"name": "GET LIST OF ALL TOPICS AVAILBALE",
			"description": "get list of all courses available",
			"descriptionFormat": "html",
			"time": 1495012323448,
			"version": 2,
			"responses": [],
			"tests": null,
			"currentHelper": "normal",
			"helperAttributes": {}
		}
	]
}