{
  "luis_schema_version": "2.1.0",
  "versionId": "0.1",
  "name": "WalmartAssistance",
  "desc": "",
  "culture": "en-us",
  "intents": [
    {
      "name": "Add Cart"
    },
    {
      "name": "Buy"
    },
    {
      "name": "Color"
    },
    {
      "name": "End Conversation"
    },
    {
      "name": "Gym"
    },
    {
      "name": "No"
    },
    {
      "name": "None"
    },
    {
      "name": "Office"
    },
    {
      "name": "Property Show"
    },
    {
      "name": "Remove Cart"
    },
    {
      "name": "ShoeSearch"
    },
    {
      "name": "Show Cart"
    },
    {
      "name": "Show Item"
    },
    {
      "name": "Show more"
    },
    {
      "name": "Size"
    },
    {
      "name": "Sports"
    },
    {
      "name": "Vacation"
    },
    {
      "name": "Welcome"
    },
    {
      "name": "Yes"
    }
  ],
  "entities": [
    {
      "name": "additem"
    },
    {
      "name": "Any"
    },
    {
      "name": "Buy"
    },
    {
      "name": "Color"
    },
    {
      "name": "End"
    },
    {
      "name": "Gender"
    },
    {
      "name": "Gym"
    },
    {
      "name": "Office"
    },
    {
      "name": "Property"
    },
    {
      "name": "removeitem"
    },
    {
      "name": "Shoe",
      "children": [
        "Shoe_type",
        "Shoe_brand"
      ]
    },
    {
      "name": "Show  "
    },
    {
      "name": "showcart"
    },
    {
      "name": "showitem"
    },
    {
      "name": "Sports",
      "children": [
        "Games"
      ]
    },
    {
      "name": "Vacation",
      "children": [
        "country"
      ]
    }
  ],
  "composites": [],
  "closedLists": [],
  "bing_entities": [
    "number"
  ],
  "actions": [],
  "model_features": [
    {
      "name": "Color",
      "mode": true,
      "words": "black,blue,white,brown,red,green,gray,beige,pink,any color,multicolor,other,purple,orange,silver",
      "activated": true
    },
    {
      "name": "country",
      "mode": true,
      "words": "switzerland,newzeland,italy,venice,rome,paris,spain,thailand,bangkok,london,vienna,milan,amsterdam,barcelona,zurich,dubai,new york,swiss,chicago,boston,washington,Chicago,Charleston,Las Vegas,Seattle,San Francisco,San Diego,St . Louis,miami,orlando,portland,los angeles,austin,texas,california",
      "activated": true
    },
    {
      "name": "Games",
      "mode": true,
      "words": "cricket,football,basketball,volleyball,athletics",
      "activated": true
    },
    {
      "name": "Gender",
      "mode": true,
      "words": "men,mens,women,womens,man,woman,men ' s,women ' s",
      "activated": true
    },
    {
      "name": "Property",
      "mode": true,
      "words": "color,brand,colour,colors,brands,colours",
      "activated": true
    },
    {
      "name": "Shoe::Shoe_brand",
      "mode": true,
      "words": "puma,nike,skechers,new balance,vans,reebok,avia,asics,danskin now",
      "activated": true
    },
    {
      "name": "Shoe::Shoe_type",
      "mode": true,
      "words": "casual,formal,dress,athletic",
      "activated": true
    }
  ],
  "regex_features": [],
  "utterances": [
    {
      "text": "hello",
      "intent": "Welcome",
      "entities": []
    },
    {
      "text": "stop",
      "intent": "End Conversation",
      "entities": [
        {
          "entity": "End",
          "startPos": 0,
          "endPos": 3
        }
      ]
    },
    {
      "text": "hi",
      "intent": "Welcome",
      "entities": []
    },
    {
      "text": "end",
      "intent": "End Conversation",
      "entities": [
        {
          "entity": "End",
          "startPos": 0,
          "endPos": 2
        }
      ]
    },
    {
      "text": "sure",
      "intent": "Yes",
      "entities": []
    },
    {
      "text": "san francisco",
      "intent": "Vacation",
      "entities": [
        {
          "entity": "Vacation::country",
          "startPos": 0,
          "endPos": 12
        }
      ]
    },
    {
      "text": "office",
      "intent": "Office",
      "entities": [
        {
          "entity": "Office",
          "startPos": 0,
          "endPos": 5
        }
      ]
    },
    {
      "text": "ok",
      "intent": "Yes",
      "entities": []
    },
    {
      "text": "11",
      "intent": "Size",
      "entities": []
    },
    {
      "text": "10",
      "intent": "Size",
      "entities": []
    },
    {
      "text": "show more",
      "intent": "Show more",
      "entities": []
    },
    {
      "text": "yeah",
      "intent": "Yes",
      "entities": []
    },
    {
      "text": "s",
      "intent": "Yes",
      "entities": []
    },
    {
      "text": "1",
      "intent": "Size",
      "entities": []
    },
    {
      "text": "9",
      "intent": "Size",
      "entities": []
    },
    {
      "text": "yes",
      "intent": "Yes",
      "entities": []
    },
    {
      "text": "no",
      "intent": "No",
      "entities": []
    },
    {
      "text": "welcome",
      "intent": "Welcome",
      "entities": []
    },
    {
      "text": "yup",
      "intent": "Yes",
      "entities": []
    },
    {
      "text": "check out",
      "intent": "Buy",
      "entities": [
        {
          "entity": "Buy",
          "startPos": 0,
          "endPos": 8
        }
      ]
    },
    {
      "text": "8",
      "intent": "Size",
      "entities": []
    },
    {
      "text": "start over",
      "intent": "Welcome",
      "entities": []
    },
    {
      "text": "7",
      "intent": "Size",
      "entities": []
    },
    {
      "text": "5",
      "intent": "Size",
      "entities": []
    },
    {
      "text": "6",
      "intent": "Size",
      "entities": []
    },
    {
      "text": "greetings",
      "intent": "Welcome",
      "entities": []
    },
    {
      "text": "i am looking for shoes",
      "intent": "ShoeSearch",
      "entities": [
        {
          "entity": "Shoe",
          "startPos": 17,
          "endPos": 21
        }
      ]
    },
    {
      "text": "sorry",
      "intent": "No",
      "entities": []
    },
    {
      "text": "not",
      "intent": "No",
      "entities": []
    },
    {
      "text": "shoes of size 10",
      "intent": "ShoeSearch",
      "entities": [
        {
          "entity": "Shoe",
          "startPos": 0,
          "endPos": 4
        }
      ]
    },
    {
      "text": "los angeles",
      "intent": "Vacation",
      "entities": [
        {
          "entity": "Vacation::country",
          "startPos": 0,
          "endPos": 10
        }
      ]
    },
    {
      "text": "sports",
      "intent": "Sports",
      "entities": [
        {
          "entity": "Sports",
          "startPos": 0,
          "endPos": 5
        }
      ]
    },
    {
      "text": "conference",
      "intent": "Office",
      "entities": [
        {
          "entity": "Office",
          "startPos": 0,
          "endPos": 9
        }
      ]
    },
    {
      "text": "shoes",
      "intent": "ShoeSearch",
      "entities": [
        {
          "entity": "Shoe",
          "startPos": 0,
          "endPos": 4
        }
      ]
    },
    {
      "text": "casual",
      "intent": "ShoeSearch",
      "entities": [
        {
          "entity": "Shoe::Shoe_type",
          "startPos": 0,
          "endPos": 5
        }
      ]
    },
    {
      "text": "hii",
      "intent": "Welcome",
      "entities": []
    },
    {
      "text": "boston",
      "intent": "Vacation",
      "entities": [
        {
          "entity": "Vacation::country",
          "startPos": 0,
          "endPos": 5
        }
      ]
    },
    {
      "text": "cricket",
      "intent": "Sports",
      "entities": [
        {
          "entity": "Sports::Games",
          "startPos": 0,
          "endPos": 6
        }
      ]
    },
    {
      "text": "pink",
      "intent": "Color",
      "entities": [
        {
          "entity": "Color",
          "startPos": 0,
          "endPos": 3
        }
      ]
    },
    {
      "text": "any",
      "intent": "Size",
      "entities": []
    },
    {
      "text": "greeting",
      "intent": "Welcome",
      "entities": []
    },
    {
      "text": "london",
      "intent": "Vacation",
      "entities": [
        {
          "entity": "Vacation::country",
          "startPos": 0,
          "endPos": 5
        }
      ]
    },
    {
      "text": "show my cart",
      "intent": "Show Cart",
      "entities": [
        {
          "entity": "showcart",
          "startPos": 8,
          "endPos": 11
        },
        {
          "entity": "Show  ",
          "startPos": 0,
          "endPos": 3
        }
      ]
    },
    {
      "text": "end chat",
      "intent": "End Conversation",
      "entities": [
        {
          "entity": "End",
          "startPos": 0,
          "endPos": 2
        }
      ]
    },
    {
      "text": "get started",
      "intent": "Welcome",
      "entities": []
    },
    {
      "text": "dress",
      "intent": "ShoeSearch",
      "entities": [
        {
          "entity": "Shoe::Shoe_type",
          "startPos": 0,
          "endPos": 4
        }
      ]
    },
    {
      "text": "vacation",
      "intent": "Vacation",
      "entities": [
        {
          "entity": "Vacation",
          "startPos": 0,
          "endPos": 7
        }
      ]
    },
    {
      "text": "change color to blue",
      "intent": "Color",
      "entities": [
        {
          "entity": "Color",
          "startPos": 16,
          "endPos": 19
        }
      ]
    },
    {
      "text": "puma",
      "intent": "ShoeSearch",
      "entities": [
        {
          "entity": "Shoe::Shoe_brand",
          "startPos": 0,
          "endPos": 3
        }
      ]
    },
    {
      "text": "reebok",
      "intent": "ShoeSearch",
      "entities": []
    },
    {
      "text": "men nike shoes",
      "intent": "ShoeSearch",
      "entities": [
        {
          "entity": "Gender",
          "startPos": 0,
          "endPos": 2
        },
        {
          "entity": "Shoe::Shoe_brand",
          "startPos": 4,
          "endPos": 7
        },
        {
          "entity": "Shoe",
          "startPos": 9,
          "endPos": 13
        }
      ]
    },
    {
      "text": "mens shoe",
      "intent": "ShoeSearch",
      "entities": [
        {
          "entity": "Gender",
          "startPos": 0,
          "endPos": 3
        },
        {
          "entity": "Shoe",
          "startPos": 5,
          "endPos": 8
        }
      ]
    },
    {
      "text": "men shoes",
      "intent": "ShoeSearch",
      "entities": [
        {
          "entity": "Gender",
          "startPos": 0,
          "endPos": 2
        },
        {
          "entity": "Shoe",
          "startPos": 4,
          "endPos": 8
        }
      ]
    },
    {
      "text": "switzerland",
      "intent": "Vacation",
      "entities": [
        {
          "entity": "Vacation::country",
          "startPos": 0,
          "endPos": 10
        }
      ]
    },
    {
      "text": "i am going to work",
      "intent": "Office",
      "entities": [
        {
          "entity": "Office",
          "startPos": 14,
          "endPos": 17
        }
      ]
    },
    {
      "text": "gym",
      "intent": "Gym",
      "entities": [
        {
          "entity": "Gym",
          "startPos": 0,
          "endPos": 2
        }
      ]
    },
    {
      "text": "no need",
      "intent": "No",
      "entities": []
    },
    {
      "text": "continue shopping",
      "intent": "Welcome",
      "entities": []
    },
    {
      "text": "any color",
      "intent": "Color",
      "entities": [
        {
          "entity": "Any",
          "startPos": 0,
          "endPos": 2
        },
        {
          "entity": "Property",
          "startPos": 4,
          "endPos": 8
        }
      ]
    },
    {
      "text": "end conversation",
      "intent": "End Conversation",
      "entities": [
        {
          "entity": "End",
          "startPos": 0,
          "endPos": 2
        }
      ]
    },
    {
      "text": "show cart",
      "intent": "Show Cart",
      "entities": [
        {
          "entity": "showcart",
          "startPos": 5,
          "endPos": 8
        },
        {
          "entity": "Show  ",
          "startPos": 0,
          "endPos": 3
        }
      ]
    },
    {
      "text": "zurich",
      "intent": "Vacation",
      "entities": [
        {
          "entity": "Vacation::country",
          "startPos": 0,
          "endPos": 5
        }
      ]
    },
    {
      "text": "play sports",
      "intent": "Sports",
      "entities": [
        {
          "entity": "Sports",
          "startPos": 5,
          "endPos": 10
        }
      ]
    },
    {
      "text": "more items",
      "intent": "Show more",
      "entities": []
    },
    {
      "text": "any size",
      "intent": "Size",
      "entities": [
        {
          "entity": "Any",
          "startPos": 0,
          "endPos": 2
        }
      ]
    },
    {
      "text": "show item 47726030",
      "intent": "Show Item",
      "entities": [
        {
          "entity": "showitem",
          "startPos": 0,
          "endPos": 8
        }
      ]
    },
    {
      "text": "buy all",
      "intent": "Buy",
      "entities": [
        {
          "entity": "Buy",
          "startPos": 0,
          "endPos": 2
        }
      ]
    },
    {
      "text": "buy item",
      "intent": "Buy",
      "entities": [
        {
          "entity": "Buy",
          "startPos": 0,
          "endPos": 2
        }
      ]
    },
    {
      "text": "men casual nike black shoe of size 8",
      "intent": "ShoeSearch",
      "entities": [
        {
          "entity": "Color",
          "startPos": 16,
          "endPos": 20
        },
        {
          "entity": "Gender",
          "startPos": 0,
          "endPos": 2
        },
        {
          "entity": "Shoe::Shoe_brand",
          "startPos": 11,
          "endPos": 14
        },
        {
          "entity": "Shoe::Shoe_type",
          "startPos": 4,
          "endPos": 9
        },
        {
          "entity": "Shoe",
          "startPos": 22,
          "endPos": 25
        }
      ]
    },
    {
      "text": "women casual shoes",
      "intent": "ShoeSearch",
      "entities": [
        {
          "entity": "Gender",
          "startPos": 0,
          "endPos": 4
        },
        {
          "entity": "Shoe::Shoe_type",
          "startPos": 6,
          "endPos": 11
        },
        {
          "entity": "Shoe",
          "startPos": 13,
          "endPos": 17
        }
      ]
    },
    {
      "text": "showitem 4",
      "intent": "None",
      "entities": []
    },
    {
      "text": "additem 126462 to cart",
      "intent": "None",
      "entities": [
        {
          "entity": "additem",
          "startPos": 0,
          "endPos": 6
        }
      ]
    },
    {
      "text": "men casual nike shoe",
      "intent": "ShoeSearch",
      "entities": [
        {
          "entity": "Gender",
          "startPos": 0,
          "endPos": 2
        },
        {
          "entity": "Shoe::Shoe_brand",
          "startPos": 11,
          "endPos": 14
        },
        {
          "entity": "Shoe::Shoe_type",
          "startPos": 4,
          "endPos": 9
        },
        {
          "entity": "Shoe",
          "startPos": 16,
          "endPos": 19
        }
      ]
    },
    {
      "text": "women formal skechers shoe",
      "intent": "ShoeSearch",
      "entities": [
        {
          "entity": "Gender",
          "startPos": 0,
          "endPos": 4
        },
        {
          "entity": "Shoe::Shoe_brand",
          "startPos": 13,
          "endPos": 20
        },
        {
          "entity": "Shoe::Shoe_type",
          "startPos": 6,
          "endPos": 11
        },
        {
          "entity": "Shoe",
          "startPos": 22,
          "endPos": 25
        }
      ]
    },
    {
      "text": "show color",
      "intent": "Property Show",
      "entities": [
        {
          "entity": "Property",
          "startPos": 5,
          "endPos": 9
        }
      ]
    },
    {
      "text": "athletic",
      "intent": "ShoeSearch",
      "entities": [
        {
          "entity": "Shoe::Shoe_type",
          "startPos": 0,
          "endPos": 7
        }
      ]
    },
    {
      "text": "danskin now",
      "intent": "ShoeSearch",
      "entities": [
        {
          "entity": "Shoe::Shoe_brand",
          "startPos": 0,
          "endPos": 10
        }
      ]
    },
    {
      "text": "avia",
      "intent": "ShoeSearch",
      "entities": [
        {
          "entity": "Shoe::Shoe_brand",
          "startPos": 0,
          "endPos": 3
        }
      ]
    },
    {
      "text": "brown is good",
      "intent": "Color",
      "entities": [
        {
          "entity": "Color",
          "startPos": 0,
          "endPos": 4
        }
      ]
    },
    {
      "text": "black is my taste",
      "intent": "Color",
      "entities": [
        {
          "entity": "Color",
          "startPos": 0,
          "endPos": 4
        }
      ]
    },
    {
      "text": "i prefer red",
      "intent": "Color",
      "entities": [
        {
          "entity": "Color",
          "startPos": 9,
          "endPos": 11
        }
      ]
    },
    {
      "text": "i am looking for men casual shoes",
      "intent": "ShoeSearch",
      "entities": [
        {
          "entity": "Gender",
          "startPos": 17,
          "endPos": 19
        },
        {
          "entity": "Shoe::Shoe_type",
          "startPos": 21,
          "endPos": 26
        },
        {
          "entity": "Shoe",
          "startPos": 28,
          "endPos": 32
        }
      ]
    },
    {
      "text": "i am looking for red color shoe",
      "intent": "ShoeSearch",
      "entities": [
        {
          "entity": "Color",
          "startPos": 17,
          "endPos": 19
        },
        {
          "entity": "Property",
          "startPos": 21,
          "endPos": 25
        },
        {
          "entity": "Shoe",
          "startPos": 27,
          "endPos": 30
        }
      ]
    },
    {
      "text": "end search",
      "intent": "End Conversation",
      "entities": [
        {
          "entity": "End",
          "startPos": 0,
          "endPos": 2
        }
      ]
    },
    {
      "text": "i am going for a vacation",
      "intent": "Vacation",
      "entities": [
        {
          "entity": "Vacation",
          "startPos": 17,
          "endPos": 24
        }
      ]
    },
    {
      "text": "i want to go for a vacation to venice",
      "intent": "Vacation",
      "entities": [
        {
          "entity": "Vacation::country",
          "startPos": 31,
          "endPos": 36
        },
        {
          "entity": "Vacation",
          "startPos": 19,
          "endPos": 26
        }
      ]
    },
    {
      "text": "there is a tour",
      "intent": "Vacation",
      "entities": [
        {
          "entity": "Vacation",
          "startPos": 11,
          "endPos": 14
        }
      ]
    },
    {
      "text": "i am planning a trip",
      "intent": "Vacation",
      "entities": [
        {
          "entity": "Vacation",
          "startPos": 16,
          "endPos": 19
        }
      ]
    },
    {
      "text": "i was thinking to do exercise everyday",
      "intent": "Gym",
      "entities": [
        {
          "entity": "Gym",
          "startPos": 21,
          "endPos": 28
        }
      ]
    },
    {
      "text": "i should go for running every morning",
      "intent": "Gym",
      "entities": [
        {
          "entity": "Gym",
          "startPos": 16,
          "endPos": 22
        }
      ]
    },
    {
      "text": "i am going gym",
      "intent": "Gym",
      "entities": [
        {
          "entity": "Gym",
          "startPos": 11,
          "endPos": 13
        }
      ]
    },
    {
      "text": "i am doing work out daily",
      "intent": "Gym",
      "entities": [
        {
          "entity": "Gym",
          "startPos": 11,
          "endPos": 18
        }
      ]
    },
    {
      "text": "work out is necessary",
      "intent": "Gym",
      "entities": [
        {
          "entity": "Gym",
          "startPos": 0,
          "endPos": 7
        }
      ]
    },
    {
      "text": "i am going for a conference",
      "intent": "Office",
      "entities": [
        {
          "entity": "Office",
          "startPos": 17,
          "endPos": 26
        }
      ]
    },
    {
      "text": "i am going for office for the first time",
      "intent": "Office",
      "entities": [
        {
          "entity": "Office",
          "startPos": 15,
          "endPos": 20
        }
      ]
    },
    {
      "text": "there is a conference next week",
      "intent": "Office",
      "entities": [
        {
          "entity": "Office",
          "startPos": 11,
          "endPos": 20
        }
      ]
    },
    {
      "text": "i am going for a cricket competition",
      "intent": "Sports",
      "entities": [
        {
          "entity": "Sports::Games",
          "startPos": 17,
          "endPos": 23
        },
        {
          "entity": "Sports",
          "startPos": 25,
          "endPos": 35
        }
      ]
    },
    {
      "text": "there is a sports competition in my college",
      "intent": "Sports",
      "entities": [
        {
          "entity": "Sports",
          "startPos": 18,
          "endPos": 28
        }
      ]
    },
    {
      "text": "i am a football player",
      "intent": "Sports",
      "entities": [
        {
          "entity": "Sports::Games",
          "startPos": 7,
          "endPos": 14
        }
      ]
    },
    {
      "text": "i am going to participate in sports",
      "intent": "Sports",
      "entities": [
        {
          "entity": "Sports",
          "startPos": 29,
          "endPos": 34
        }
      ]
    },
    {
      "text": "there is a competition next week",
      "intent": "Sports",
      "entities": [
        {
          "entity": "Sports",
          "startPos": 11,
          "endPos": 21
        }
      ]
    },
    {
      "text": "i am going for a conference to london",
      "intent": "Office",
      "entities": [
        {
          "entity": "Office",
          "startPos": 17,
          "endPos": 26
        },
        {
          "entity": "Vacation::country",
          "startPos": 31,
          "endPos": 36
        }
      ]
    },
    {
      "text": "i do workout everyday",
      "intent": "Gym",
      "entities": [
        {
          "entity": "Gym",
          "startPos": 5,
          "endPos": 11
        }
      ]
    },
    {
      "text": "i do exercise everyday",
      "intent": "Gym",
      "entities": [
        {
          "entity": "Gym",
          "startPos": 5,
          "endPos": 12
        }
      ]
    },
    {
      "text": "what should i wear to my work",
      "intent": "Office",
      "entities": [
        {
          "entity": "Office",
          "startPos": 25,
          "endPos": 28
        }
      ]
    },
    {
      "text": "i am going to a trip tomorrow",
      "intent": "Vacation",
      "entities": [
        {
          "entity": "Vacation",
          "startPos": 16,
          "endPos": 19
        }
      ]
    },
    {
      "text": "i will go to tour next monday",
      "intent": "Vacation",
      "entities": [
        {
          "entity": "Vacation",
          "startPos": 13,
          "endPos": 16
        }
      ]
    },
    {
      "text": "i want to buy some things for cricket",
      "intent": "Sports",
      "entities": [
        {
          "entity": "Sports::Games",
          "startPos": 30,
          "endPos": 36
        }
      ]
    },
    {
      "text": "i want to buy some things for my game",
      "intent": "Sports",
      "entities": [
        {
          "entity": "Sports",
          "startPos": 33,
          "endPos": 36
        }
      ]
    },
    {
      "text": "check out all items",
      "intent": "Buy",
      "entities": [
        {
          "entity": "Buy",
          "startPos": 0,
          "endPos": 8
        }
      ]
    },
    {
      "text": "what kind of brand do you have ?",
      "intent": "Property Show",
      "entities": [
        {
          "entity": "Property",
          "startPos": 13,
          "endPos": 17
        }
      ]
    },
    {
      "text": "remove item 13434",
      "intent": "None",
      "entities": []
    },
    {
      "text": "show me men casual shoes",
      "intent": "ShoeSearch",
      "entities": [
        {
          "entity": "Gender",
          "startPos": 8,
          "endPos": 10
        },
        {
          "entity": "Shoe::Shoe_type",
          "startPos": 12,
          "endPos": 17
        },
        {
          "entity": "Shoe",
          "startPos": 19,
          "endPos": 23
        }
      ]
    },
    {
      "text": "346 showitem",
      "intent": "None",
      "entities": []
    },
    {
      "text": "show item 456",
      "intent": "None",
      "entities": []
    },
    {
      "text": "show me more items",
      "intent": "Show more",
      "entities": []
    },
    {
      "text": "show me size 9",
      "intent": "Size",
      "entities": []
    },
    {
      "text": "size 8",
      "intent": "Size",
      "entities": []
    },
    {
      "text": "black puma shoe of size 8",
      "intent": "ShoeSearch",
      "entities": [
        {
          "entity": "Color",
          "startPos": 0,
          "endPos": 4
        },
        {
          "entity": "Shoe::Shoe_brand",
          "startPos": 6,
          "endPos": 9
        },
        {
          "entity": "Shoe",
          "startPos": 11,
          "endPos": 14
        }
      ]
    },
    {
      "text": "show me some men casual black shoes",
      "intent": "ShoeSearch",
      "entities": [
        {
          "entity": "Color",
          "startPos": 24,
          "endPos": 28
        },
        {
          "entity": "Gender",
          "startPos": 13,
          "endPos": 15
        },
        {
          "entity": "Shoe::Shoe_type",
          "startPos": 17,
          "endPos": 22
        },
        {
          "entity": "Shoe",
          "startPos": 30,
          "endPos": 34
        }
      ]
    },
    {
      "text": "i am going to gym everyday",
      "intent": "Gym",
      "entities": [
        {
          "entity": "Gym",
          "startPos": 14,
          "endPos": 16
        }
      ]
    },
    {
      "text": "i am having a competition next week",
      "intent": "Sports",
      "entities": [
        {
          "entity": "Sports",
          "startPos": 14,
          "endPos": 24
        }
      ]
    },
    {
      "text": "showitem 15415",
      "intent": "None",
      "entities": []
    },
    {
      "text": "showitem 12345",
      "intent": "None",
      "entities": []
    },
    {
      "text": "showitem 47726030",
      "intent": "None",
      "entities": []
    },
    {
      "text": "123456789 show item",
      "intent": "Show Item",
      "entities": [
        {
          "entity": "showitem",
          "startPos": 10,
          "endPos": 18
        }
      ]
    },
    {
      "text": "add item 47726030 to cart",
      "intent": "None",
      "entities": [
        {
          "entity": "additem",
          "startPos": 0,
          "endPos": 7
        }
      ]
    },
    {
      "text": "123456789 remove item",
      "intent": "Remove Cart",
      "entities": [
        {
          "entity": "removeitem",
          "startPos": 10,
          "endPos": 20
        }
      ]
    },
    {
      "text": "123 remove item",
      "intent": "Remove Cart",
      "entities": [
        {
          "entity": "removeitem",
          "startPos": 4,
          "endPos": 14
        }
      ]
    },
    {
      "text": "i am going to gym",
      "intent": "Gym",
      "entities": [
        {
          "entity": "Gym",
          "startPos": 14,
          "endPos": 16
        }
      ]
    },
    {
      "text": "men shoes casual",
      "intent": "ShoeSearch",
      "entities": [
        {
          "entity": "Gender",
          "startPos": 0,
          "endPos": 2
        },
        {
          "entity": "Shoe::Shoe_type",
          "startPos": 10,
          "endPos": 15
        },
        {
          "entity": "Shoe",
          "startPos": 4,
          "endPos": 8
        }
      ]
    },
    {
      "text": "what colors have you got?",
      "intent": "Property Show",
      "entities": [
        {
          "entity": "Property",
          "startPos": 5,
          "endPos": 10
        }
      ]
    },
    {
      "text": "cart show",
      "intent": "Show Cart",
      "entities": [
        {
          "entity": "showcart",
          "startPos": 0,
          "endPos": 3
        },
        {
          "entity": "Show  ",
          "startPos": 5,
          "endPos": 8
        }
      ]
    },
    {
      "text": "13215 additem",
      "intent": "Add Cart",
      "entities": [
        {
          "entity": "additem",
          "startPos": 6,
          "endPos": 12
        }
      ]
    },
    {
      "text": "add item 154685 to cart",
      "intent": "Add Cart",
      "entities": [
        {
          "entity": "additem",
          "startPos": 0,
          "endPos": 7
        }
      ]
    },
    {
      "text": "21354584 additem to cart",
      "intent": "Add Cart",
      "entities": [
        {
          "entity": "additem",
          "startPos": 9,
          "endPos": 15
        }
      ]
    },
    {
      "text": "1231545 add item to cart",
      "intent": "Add Cart",
      "entities": [
        {
          "entity": "additem",
          "startPos": 8,
          "endPos": 15
        }
      ]
    },
    {
      "text": "additem 12563486 to cart",
      "intent": "Add Cart",
      "entities": [
        {
          "entity": "additem",
          "startPos": 0,
          "endPos": 6
        }
      ]
    },
    {
      "text": "buy all items",
      "intent": "Buy",
      "entities": [
        {
          "entity": "Buy",
          "startPos": 0,
          "endPos": 2
        }
      ]
    },
    {
      "text": "showitem 21354",
      "intent": "Show Item",
      "entities": [
        {
          "entity": "showitem",
          "startPos": 0,
          "endPos": 7
        }
      ]
    },
    {
      "text": "st. mount",
      "intent": "Vacation",
      "entities": [
        {
          "entity": "Vacation::country",
          "startPos": 0,
          "endPos": 8
        }
      ]
    },
    {
      "text": "color any",
      "intent": "Color",
      "entities": [
        {
          "entity": "Any",
          "startPos": 6,
          "endPos": 8
        },
        {
          "entity": "Property",
          "startPos": 0,
          "endPos": 4
        }
      ]
    },
    {
      "text": "brown color women puma shoes",
      "intent": "ShoeSearch",
      "entities": [
        {
          "entity": "Color",
          "startPos": 0,
          "endPos": 4
        },
        {
          "entity": "Gender",
          "startPos": 12,
          "endPos": 16
        },
        {
          "entity": "Property",
          "startPos": 6,
          "endPos": 10
        },
        {
          "entity": "Shoe::Shoe_brand",
          "startPos": 18,
          "endPos": 21
        },
        {
          "entity": "Shoe",
          "startPos": 23,
          "endPos": 27
        }
      ]
    },
    {
      "text": "puma red women shoes",
      "intent": "ShoeSearch",
      "entities": [
        {
          "entity": "Color",
          "startPos": 5,
          "endPos": 7
        },
        {
          "entity": "Gender",
          "startPos": 9,
          "endPos": 13
        },
        {
          "entity": "Shoe::Shoe_brand",
          "startPos": 0,
          "endPos": 3
        },
        {
          "entity": "Shoe",
          "startPos": 15,
          "endPos": 19
        }
      ]
    },
    {
      "text": "puma women dress shoe",
      "intent": "ShoeSearch",
      "entities": [
        {
          "entity": "Gender",
          "startPos": 5,
          "endPos": 9
        },
        {
          "entity": "Shoe::Shoe_brand",
          "startPos": 0,
          "endPos": 3
        },
        {
          "entity": "Shoe::Shoe_type",
          "startPos": 11,
          "endPos": 15
        },
        {
          "entity": "Shoe",
          "startPos": 17,
          "endPos": 20
        }
      ]
    },
    {
      "text": "women brown shoes",
      "intent": "ShoeSearch",
      "entities": [
        {
          "entity": "Color",
          "startPos": 6,
          "endPos": 10
        },
        {
          "entity": "Gender",
          "startPos": 0,
          "endPos": 4
        },
        {
          "entity": "Shoe",
          "startPos": 12,
          "endPos": 16
        }
      ]
    },
    {
      "text": "puma men shoes",
      "intent": "ShoeSearch",
      "entities": [
        {
          "entity": "Gender",
          "startPos": 5,
          "endPos": 7
        },
        {
          "entity": "Shoe::Shoe_brand",
          "startPos": 0,
          "endPos": 3
        },
        {
          "entity": "Shoe",
          "startPos": 9,
          "endPos": 13
        }
      ]
    },
    {
      "text": "puma shoes",
      "intent": "ShoeSearch",
      "entities": [
        {
          "entity": "Shoe::Shoe_brand",
          "startPos": 0,
          "endPos": 3
        },
        {
          "entity": "Shoe",
          "startPos": 5,
          "endPos": 9
        }
      ]
    },
    {
      "text": "dress shoes",
      "intent": "ShoeSearch",
      "entities": [
        {
          "entity": "Shoe::Shoe_type",
          "startPos": 0,
          "endPos": 4
        },
        {
          "entity": "Shoe",
          "startPos": 6,
          "endPos": 10
        }
      ]
    },
    {
      "text": "puma women brown color shoes",
      "intent": "ShoeSearch",
      "entities": [
        {
          "entity": "Color",
          "startPos": 11,
          "endPos": 15
        },
        {
          "entity": "Gender",
          "startPos": 5,
          "endPos": 9
        },
        {
          "entity": "Property",
          "startPos": 17,
          "endPos": 21
        },
        {
          "entity": "Shoe::Shoe_brand",
          "startPos": 0,
          "endPos": 3
        },
        {
          "entity": "Shoe",
          "startPos": 23,
          "endPos": 27
        }
      ]
    }
  ]
}